Ref;Val;Package;PosX;PosY;Rot;Side
C1;12pF;C_0603_1608Metric;135.382000;-41.374000;0.000000;top
C2;12pF;C_0603_1608Metric;135.382000;-33.246000;0.000000;top
C3;100n;C_0603_1608Metric;129.794000;-44.422000;270.000000;top
C4;100n;C_0603_1608Metric;132.080000;-31.696500;90.000000;top
C5;100n;C_0603_1608Metric;121.920000;-31.976000;180.000000;top
C6;100n;C_0603_1608Metric;122.936000;-42.390000;270.000000;top
C7;100n;C_0603_1608Metric;132.334000;-41.374000;0.000000;top
C8;100n;C_0603_1608Metric;107.188000;-50.137000;90.000000;top
C9;100n;C_0603_1608Metric;119.380000;-56.868000;180.000000;top
C10;4.7uF;C_1206_3216Metric;124.942600;-53.820000;180.000000;top
C11;22uF;C_0805_2012Metric;124.940300;-48.790800;180.000000;top
F1;Fuse;Fuse_1206_3216Metric;109.220000;-49.502000;90.000000;top
Q1;2N7002;SOT-23;86.633000;-53.439000;90.000000;top
Q2;2N7002;SOT-23;93.999000;-53.455000;90.000000;top
Q3;2N7002;SOT-23;90.316000;-53.439000;90.000000;top
Q4;BSS84;SOT-23;86.633000;-80.156000;270.000000;top
Q5;BSS84;SOT-23;111.633000;-80.156000;270.000000;top
Q6;BSS84;SOT-23;136.633000;-80.156000;270.000000;top
Q7;BSS84;SOT-23;86.633000;-130.156000;270.000000;top
Q8;BSS84;SOT-23;111.633000;-130.156000;270.000000;top
Q9;BSS84;SOT-23;136.633000;-130.156000;270.000000;top
Q10;BSS84;SOT-23;86.633000;-105.212000;270.000000;top
Q11;BSS84;SOT-23;111.633000;-105.212000;270.000000;top
Q12;BSS84;SOT-23;136.633000;-105.212000;270.000000;top
Q13;BSS84;SOT-23;86.633000;-49.840000;270.000000;top
R1;100;R_0603_1608Metric;79.159000;-57.630000;180.000000;top
R2;47k;R_0603_1608Metric;86.379000;-56.106000;0.000000;top
R3;100;R_0603_1608Metric;86.379000;-57.630000;180.000000;top
R4;47k;R_0603_1608Metric;93.745000;-56.106000;0.000000;top
R5;100;R_0603_1608Metric;82.842000;-57.630000;180.000000;top
R6;47k;R_0603_1608Metric;90.062000;-56.106000;0.000000;top
R7;453K;R_0603_1608Metric;124.822000;-56.995000;90.000000;top
R8;100K;R_0603_1608Metric;126.473000;-56.995000;270.000000;top
R20;22;R_0603_1608Metric;120.650000;-43.152000;0.000000;top
R21;22;R_0603_1608Metric;120.650000;-44.676000;0.000000;top
R22;10K;R_0603_1608Metric;120.650000;-46.200000;180.000000;top
R25;47k;R_0603_1608Metric;89.300000;-79.902000;270.000000;top
R26;100;R_0603_1608Metric;90.824000;-79.902000;90.000000;top
R27;165;R_0603_1608Metric;83.966000;-80.156000;270.000000;top
R28;165;R_0603_1608Metric;80.918000;-80.156000;270.000000;top
R29;165;R_0603_1608Metric;82.442000;-80.156000;270.000000;top
R30;47k;R_0603_1608Metric;114.300000;-79.902000;270.000000;top
R31;100;R_0603_1608Metric;115.824000;-79.902000;90.000000;top
R32;165;R_0603_1608Metric;108.966000;-80.156000;270.000000;top
R33;165;R_0603_1608Metric;105.918000;-80.156000;270.000000;top
R34;165;R_0603_1608Metric;107.442000;-80.156000;270.000000;top
R35;47k;R_0603_1608Metric;139.300000;-79.902000;270.000000;top
R36;100;R_0603_1608Metric;140.824000;-79.902000;270.000000;top
R37;165;R_0603_1608Metric;133.966000;-80.156000;270.000000;top
R38;165;R_0603_1608Metric;130.918000;-80.156000;270.000000;top
R39;165;R_0603_1608Metric;132.442000;-80.156000;270.000000;top
R40;47k;R_0603_1608Metric;89.300000;-129.902000;270.000000;top
R41;100;R_0603_1608Metric;90.824000;-129.902000;90.000000;top
R42;165;R_0603_1608Metric;83.966000;-130.156000;270.000000;top
R43;165;R_0603_1608Metric;80.918000;-130.156000;270.000000;top
R44;165;R_0603_1608Metric;82.442000;-130.156000;270.000000;top
R45;47k;R_0603_1608Metric;114.300000;-129.902000;270.000000;top
R46;100;R_0603_1608Metric;115.824000;-129.902000;90.000000;top
R47;165;R_0603_1608Metric;108.966000;-130.156000;270.000000;top
R48;165;R_0603_1608Metric;105.918000;-130.156000;270.000000;top
R49;165;R_0603_1608Metric;107.442000;-130.156000;270.000000;top
R50;47k;R_0603_1608Metric;139.300000;-129.902000;270.000000;top
R51;100;R_0603_1608Metric;140.824000;-129.902000;90.000000;top
R52;165;R_0603_1608Metric;133.966000;-130.156000;270.000000;top
R53;165;R_0603_1608Metric;130.918000;-130.156000;270.000000;top
R54;165;R_0603_1608Metric;132.442000;-130.156000;270.000000;top
R55;47k;R_0603_1608Metric;89.300000;-104.958000;270.000000;top
R56;100;R_0603_1608Metric;90.824000;-104.958000;90.000000;top
R57;165;R_0603_1608Metric;83.966000;-105.212000;270.000000;top
R58;165;R_0603_1608Metric;80.918000;-105.212000;270.000000;top
R59;165;R_0603_1608Metric;82.442000;-105.212000;270.000000;top
R60;47k;R_0603_1608Metric;114.300000;-104.958000;270.000000;top
R61;100;R_0603_1608Metric;115.824000;-104.958000;90.000000;top
R62;165;R_0603_1608Metric;108.966000;-105.212000;270.000000;top
R63;165;R_0603_1608Metric;105.918000;-105.212000;270.000000;top
R64;165;R_0603_1608Metric;107.442000;-105.212000;270.000000;top
R65;47k;R_0603_1608Metric;139.300000;-104.958000;270.000000;top
R66;100;R_0603_1608Metric;140.824000;-104.958000;90.000000;top
R67;165;R_0603_1608Metric;133.966000;-105.212000;270.000000;top
R68;165;R_0603_1608Metric;130.918000;-105.212000;270.000000;top
R69;165;R_0603_1608Metric;132.442000;-105.212000;270.000000;top
R70;47k;R_0603_1608Metric;89.300000;-49.586000;270.000000;top
R71;100;R_0603_1608Metric;90.824000;-49.586000;90.000000;top
R72;165;R_0603_1608Metric;83.966000;-49.840000;270.000000;top
R73;165;R_0603_1608Metric;80.918000;-49.840000;270.000000;top
R74;165;R_0603_1608Metric;82.442000;-49.840000;270.000000;top
U1;STM32F103C8Tx;LQFP-48_7x7mm_P0.5mm;126.873000;-36.675000;180.000000;top
U2;TLV62568DBV;SOT-23-5;129.514600;-55.090000;180.000000;top
Y1;8Mhz;Crystal_SMD_5032-2Pin_5.0x3.2mm;134.874000;-37.310000;90.000000;top
